证券代码,证券名称,交易时间,开盘价,最高价,最低价,收盘价,涨跌,涨跌幅%,成交量,成交额,结算价
M0,豆粕主力连续,2022-01-04,"3,220.0000","3,263.0000","3,218.0000","3,250.0000",3.0000,0.0924,"625,772","20,320,786,990","3,247.0000"
M0,豆粕主力连续,2022-01-05,"3,242.0000","3,298.0000","3,238.0000","3,293.0000",46.0000,1.4167,"787,718","25,793,324,280","3,274.0000"
M0,豆粕主力连续,2022-01-06,"3,283.0000","3,285.0000","3,212.0000","3,215.0000",-59.0000,-1.8021,"1,031,941","33,510,139,420","3,247.0000"
M0,豆粕主力连续,2022-01-07,"3,225.0000","3,245.0000","3,215.0000","3,225.0000",-22.0000,-0.6775,"697,417","22,525,669,670","3,229.0000"
M0,豆粕主力连续,2022-01-10,"3,230.0000","3,283.0000","3,206.0000","3,231.0000",2.0000,0.0619,"1,035,124","33,562,896,760","3,242.0000"
M0,豆粕主力连续,2022-01-11,"3,241.0000","3,260.0000","3,221.0000","3,229.0000",-13.0000,-0.4010,"715,204","23,168,419,960","3,239.0000"
M0,豆粕主力连续,2022-01-12,"3,229.0000","3,259.0000","3,198.0000","3,247.0000",8.0000,0.2470,"895,344","28,905,146,510","3,228.0000"
M0,豆粕主力连续,2022-01-13,"3,233.0000","3,259.0000","3,210.0000","3,243.0000",15.0000,0.4647,"947,940","30,637,294,190","3,231.0000"
M0,豆粕主力连续,2022-01-14,"3,230.0000","3,232.0000","3,178.0000","3,186.0000",-45.0000,-1.3928,"906,804","29,035,657,310","3,201.0000"
M0,豆粕主力连续,2022-01-17,"3,195.0000","3,205.0000","3,144.0000","3,170.0000",-31.0000,-0.9684,"966,711","30,677,648,330","3,173.0000"
M0,豆粕主力连续,2022-01-18,"3,174.0000","3,176.0000","3,144.0000","3,156.0000",-17.0000,-0.5358,"639,618","20,221,168,540","3,161.0000"
M0,豆粕主力连续,2022-01-19,"3,143.0000","3,183.0000","3,121.0000","3,177.0000",16.0000,0.5062,"856,746","27,016,694,360","3,153.0000"
M0,豆粕主力连续,2022-01-20,"3,184.0000","3,247.0000","3,175.0000","3,243.0000",90.0000,2.8544,"1,007,446","32,457,304,910","3,221.0000"
M0,豆粕主力连续,2022-01-21,"3,239.0000","3,281.0000","3,228.0000","3,270.0000",49.0000,1.5213,"941,279","30,662,234,320","3,257.0000"
M0,豆粕主力连续,2022-01-24,"3,278.0000","3,282.0000","3,244.0000","3,253.0000",-4.0000,-0.1228,"835,944","27,279,481,960","3,263.0000"
M0,豆粕主力连续,2022-01-25,"3,249.0000","3,253.0000","3,207.0000","3,248.0000",-15.0000,-0.4597,"762,507","24,663,705,170","3,234.0000"
M0,豆粕主力连续,2022-01-26,"3,242.0000","3,267.0000","3,235.0000","3,260.0000",26.0000,0.8040,"634,022","20,615,235,440","3,251.0000"
M0,豆粕主力连续,2022-01-27,"3,269.0000","3,379.0000","3,268.0000","3,338.0000",87.0000,2.6761,"1,231,088","40,910,466,960","3,323.0000"
M0,豆粕主力连续,2022-01-28,"3,358.0000","3,393.0000","3,345.0000","3,378.0000",55.0000,1.6551,"863,987","29,094,882,360","3,367.0000"
M0,豆粕主力连续,2022-02-07,"3,634.0000","3,636.0000","3,614.0000","3,636.0000",269.0000,7.9893,"223,073","8,106,879,150","3,634.0000"
M0,豆粕主力连续,2022-02-08,"3,710.0000","3,754.0000","3,683.0000","3,695.0000",61.0000,1.6786,"1,480,421","54,884,110,770","3,707.0000"
M0,豆粕主力连续,2022-02-09,"3,705.0000","3,764.0000","3,688.0000","3,748.0000",41.0000,1.1060,"1,420,390","52,916,662,400","3,725.0000"
M0,豆粕主力连续,2022-02-10,"3,754.0000","3,843.0000","3,733.0000","3,814.0000",89.0000,2.3893,"1,538,508","58,354,708,460","3,792.0000"
M0,豆粕主力连续,2022-02-11,"3,850.0000","3,903.0000","3,731.0000","3,745.0000",-47.0000,-1.2395,"1,840,992","69,965,804,650","3,800.0000"
M0,豆粕主力连续,2022-02-14,"3,781.0000","3,794.0000","3,709.0000","3,724.0000",-76.0000,-2.0000,"1,349,966","50,668,861,110","3,753.0000"
M0,豆粕主力连续,2022-02-15,"3,698.0000","3,723.0000","3,659.0000","3,687.0000",-66.0000,-1.7586,"1,388,308","51,183,248,290","3,686.0000"
M0,豆粕主力连续,2022-02-16,"3,655.0000","3,727.0000","3,646.0000","3,708.0000",22.0000,0.5969,"1,197,867","44,137,281,620","3,684.0000"
M0,豆粕主力连续,2022-02-17,"3,708.0000","3,778.0000","3,660.0000","3,769.0000",85.0000,2.3073,"1,409,416","52,401,623,140","3,717.0000"
M0,豆粕主力连续,2022-02-18,"3,785.0000","3,824.0000","3,746.0000","3,781.0000",64.0000,1.7218,"1,274,942","48,228,107,210","3,782.0000"
M0,豆粕主力连续,2022-02-21,"3,785.0000","3,817.0000","3,762.0000","3,803.0000",21.0000,0.5553,"1,197,690","45,363,033,290","3,787.0000"
M0,豆粕主力连续,2022-02-22,"3,815.0000","3,885.0000","3,806.0000","3,877.0000",90.0000,2.3766,"1,309,910","50,362,861,530","3,844.0000"
M0,豆粕主力连续,2022-02-23,"3,803.0000","3,953.0000","3,746.0000","3,906.0000",62.0000,1.6129,"2,065,057","79,870,590,620","3,867.0000"
M0,豆粕主力连续,2022-02-24,"3,924.0000","4,107.0000","3,896.0000","4,062.0000",195.0000,5.0427,"1,954,776","77,994,077,850","3,989.0000"
M0,豆粕主力连续,2022-02-25,"4,009.0000","4,067.0000","3,884.0000","3,918.0000",-71.0000,-1.7799,"2,445,430","97,086,312,830","3,970.0000"
M0,豆粕主力连续,2022-02-28,"3,855.0000","3,899.0000","3,758.0000","3,862.0000",-108.0000,-2.7204,"2,149,034","82,177,501,490","3,823.0000"
M0,豆粕主力连续,2022-03-01,"3,862.0000","3,955.0000","3,820.0000","3,911.0000",88.0000,2.3019,"1,430,739","55,608,868,960","3,886.0000"
M0,豆粕主力连续,2022-03-02,"3,952.0000","3,996.0000","3,836.0000","3,903.0000",17.0000,0.4375,"1,969,304","77,080,921,550","3,914.0000"
M0,豆粕主力连续,2022-03-03,"3,915.0000","3,929.0000","3,834.0000","3,895.0000",-19.0000,-0.4854,"1,558,260","60,515,275,590","3,883.0000"
M0,豆粕主力连续,2022-03-04,"3,869.0000","3,958.0000","3,851.0000","3,902.0000",19.0000,0.4893,"1,595,387","62,251,911,190","3,901.0000"
M0,豆粕主力连续,2022-03-07,"3,936.0000","4,096.0000","3,930.0000","4,089.0000",188.0000,4.8193,"1,643,916","65,889,527,810","4,008.0000"
M0,豆粕主力连续,2022-03-08,"4,075.0000","4,194.0000","4,001.0000","4,153.0000",145.0000,3.6178,"2,191,347","89,483,058,240","4,083.0000"
M0,豆粕主力连续,2022-03-09,"4,110.0000","4,266.0000","4,098.0000","4,222.0000",139.0000,3.4044,"1,993,209","83,632,153,720","4,195.0000"
M0,豆粕主力连续,2022-03-10,"4,151.0000","4,192.0000","4,064.0000","4,130.0000",-65.0000,-1.5495,"1,716,504","70,928,400,390","4,132.0000"
M0,豆粕主力连续,2022-03-11,"4,150.0000","4,232.0000","4,143.0000","4,186.0000",54.0000,1.3069,"1,242,858","52,020,262,190","4,185.0000"
M0,豆粕主力连续,2022-03-14,"4,161.0000","4,231.0000","4,090.0000","4,219.0000",34.0000,0.8124,"1,618,979","67,422,996,170","4,164.0000"
M0,豆粕主力连续,2022-03-15,"4,190.0000","4,236.0000","4,117.0000","4,121.0000",-43.0000,-1.0327,"1,488,312","62,154,019,820","4,176.0000"
M0,豆粕主力连续,2022-03-16,"4,110.0000","4,214.0000","4,045.0000","4,194.0000",18.0000,0.4310,"1,506,281","62,179,071,420","4,127.0000"
M0,豆粕主力连续,2022-03-17,"4,201.0000","4,250.0000","4,137.0000","4,176.0000",49.0000,1.1873,"1,364,040","57,143,635,470","4,189.0000"
M0,豆粕主力连续,2022-03-18,"4,205.0000","4,272.0000","4,180.0000","4,269.0000",80.0000,1.9098,"1,337,392","56,492,941,730","4,224.0000"
M0,豆粕主力连续,2022-03-21,"4,243.0000","4,304.0000","4,215.0000","4,277.0000",53.0000,1.2547,"1,306,115","55,701,414,670","4,264.0000"
M0,豆粕主力连续,2022-03-22,"4,277.0000","4,412.0000","4,253.0000","4,395.0000",131.0000,3.0722,"1,616,315","70,414,655,960","4,356.0000"
M0,豆粕主力连续,2022-03-23,"4,361.0000","4,421.0000","4,348.0000","4,407.0000",51.0000,1.1708,"1,331,296","58,317,459,320","4,380.0000"
M0,豆粕主力连续,2022-03-24,"4,428.0000","4,495.0000","4,365.0000","4,388.0000",8.0000,0.1826,"1,699,033","75,239,472,260","4,428.0000"
M0,豆粕主力连续,2022-03-25,"4,398.0000","4,458.0000","4,306.0000","4,347.0000",-81.0000,-1.8293,"1,542,709","67,697,326,160","4,388.0000"
M0,豆粕主力连续,2022-03-28,"4,351.0000","4,371.0000","4,254.0000","4,260.0000",-128.0000,-2.9170,"1,292,156","55,731,053,200","4,313.0000"
M0,豆粕主力连续,2022-03-29,"4,150.0000","4,156.0000","4,069.0000","4,090.0000",-223.0000,-5.1704,"925,750","38,108,330,250","4,116.0000"
M0,豆粕主力连续,2022-03-30,"4,030.0000","4,060.0000","3,952.0000","4,017.0000",-99.0000,-2.4052,"1,288,300","51,559,960,830","4,002.0000"
M0,豆粕主力连续,2022-03-31,"4,044.0000","4,085.0000","4,002.0000","4,038.0000",36.0000,0.8996,"1,124,222","45,428,907,910","4,040.0000"
M0,豆粕主力连续,2022-04-01,"4,029.0000","4,049.0000","3,807.0000","3,808.0000",-232.0000,-5.7426,"1,388,247","54,273,110,180","3,909.0000"
M0,豆粕主力连续,2022-04-06,"3,885.0000","3,891.0000","3,831.0000","3,856.0000",-53.0000,-1.3558,"626,319","24,205,448,940","3,864.0000"
M0,豆粕主力连续,2022-04-07,"3,856.0000","3,856.0000","3,804.0000","3,829.0000",-35.0000,-0.9058,"858,859","32,930,464,820","3,834.0000"
M0,豆粕主力连续,2022-04-08,"3,829.0000","3,895.0000","3,812.0000","3,880.0000",46.0000,1.1998,"889,716","34,383,141,670","3,864.0000"
M0,豆粕主力连续,2022-04-11,"3,885.0000","3,970.0000","3,885.0000","3,939.0000",75.0000,1.9410,"952,809","37,438,959,110","3,929.0000"
M0,豆粕主力连续,2022-04-12,"3,947.0000","3,948.0000","3,882.0000","3,923.0000",-6.0000,-0.1527,"832,519","32,520,640,530","3,906.0000"
M0,豆粕主力连续,2022-04-13,"3,940.0000","3,952.0000","3,882.0000","3,905.0000",-1.0000,-0.0256,"837,541","32,793,345,760","3,915.0000"
M0,豆粕主力连续,2022-04-14,"3,923.0000","3,938.0000","3,875.0000","3,928.0000",13.0000,0.3321,"831,230","32,538,601,670","3,914.0000"
M0,豆粕主力连续,2022-04-15,"3,928.0000","3,961.0000","3,885.0000","3,923.0000",9.0000,0.2299,"811,646","31,784,061,590","3,916.0000"
M0,豆粕主力连续,2022-04-18,"3,923.0000","3,980.0000","3,892.0000","3,934.0000",18.0000,0.4597,"939,819","36,952,211,310","3,931.0000"
M0,豆粕主力连续,2022-04-19,"3,934.0000","4,033.0000","3,913.0000","4,029.0000",98.0000,2.4930,"1,002,291","39,874,209,740","3,978.0000"
M0,豆粕主力连续,2022-04-20,"4,029.0000","4,098.0000","3,996.0000","4,064.0000",86.0000,2.1619,"1,167,511","47,268,196,070","4,048.0000"
M0,豆粕主力连续,2022-04-21,"4,075.0000","4,128.0000","4,046.0000","4,118.0000",70.0000,1.7292,"920,686","37,668,711,070","4,091.0000"
M0,豆粕主力连续,2022-04-22,"4,102.0000","4,139.0000","4,069.0000","4,075.0000",-16.0000,-0.3911,"1,019,950","41,793,986,580","4,097.0000"
M0,豆粕主力连续,2022-04-25,"4,100.0000","4,118.0000","3,947.0000","3,956.0000",-141.0000,-3.4415,"1,301,465","52,319,430,590","4,020.0000"
M0,豆粕主力连续,2022-04-26,"3,950.0000","4,019.0000","3,945.0000","3,983.0000",-37.0000,-0.9204,"921,077","36,679,646,570","3,982.0000"
M0,豆粕主力连续,2022-04-27,"4,300.0000","4,300.0000","3,911.0000","4,001.0000",19.0000,0.4771,"1,048,940","42,015,811,740","4,005.0000"
M0,豆粕主力连续,2022-04-28,"4,010.0000","4,076.0000","3,975.0000","4,063.0000",58.0000,1.4482,"1,031,240","41,568,801,240","4,030.0000"
M0,豆粕主力连续,2022-04-29,"4,065.0000","4,078.0000","4,025.0000","4,073.0000",43.0000,1.0670,"713,024","28,872,512,510","4,049.0000"
M0,豆粕主力连续,2022-05-05,"4,000.0000","4,055.0000","3,990.0000","4,050.0000",1.0000,0.0247,"498,684","20,074,318,780","4,025.0000"
M0,豆粕主力连续,2022-05-06,"4,048.0000","4,090.0000","3,974.0000","3,979.0000",-46.0000,-1.1429,"920,243","37,076,200,410","4,028.0000"
M0,豆粕主力连续,2022-05-09,"3,999.0000","3,999.0000","3,887.0000","3,900.0000",-128.0000,-3.1778,"869,133","34,144,834,830","3,928.0000"
M0,豆粕主力连续,2022-05-10,"3,890.0000","3,939.0000","3,854.0000","3,927.0000",-1.0000,-0.0255,"863,213","33,678,695,080","3,901.0000"
M0,豆粕主力连续,2022-05-11,"3,930.0000","3,945.0000","3,911.0000","3,931.0000",30.0000,0.7690,"576,699","22,652,579,270","3,927.0000"
M0,豆粕主力连续,2022-05-12,"3,933.0000","3,966.0000","3,921.0000","3,933.0000",6.0000,0.1528,"637,250","25,125,125,700","3,942.0000"
M0,豆粕主力连续,2022-05-13,"3,933.0000","4,077.0000","3,925.0000","4,054.0000",112.0000,2.8412,"1,142,813","45,908,864,640","4,017.0000"
M0,豆粕主力连续,2022-05-16,"4,040.0000","4,146.0000","4,040.0000","4,141.0000",124.0000,3.0869,"804,323","33,025,655,900","4,106.0000"
M0,豆粕主力连续,2022-05-17,"4,141.0000","4,143.0000","4,110.0000","4,129.0000",23.0000,0.5602,"550,046","22,707,202,860","4,128.0000"
M0,豆粕主力连续,2022-05-18,"4,142.0000","4,160.0000","4,127.0000","4,133.0000",5.0000,0.1211,"612,240","25,365,872,900","4,143.0000"
M0,豆粕主力连续,2022-05-19,"4,141.0000","4,162.0000","4,102.0000","4,114.0000",-29.0000,-0.7000,"751,390","31,029,471,180","4,129.0000"
M0,豆粕主力连续,2022-05-20,"4,117.0000","4,176.0000","4,110.0000","4,174.0000",45.0000,1.0899,"724,993","30,127,109,630","4,155.0000"
M0,豆粕主力连续,2022-05-23,"4,155.0000","4,245.0000","4,154.0000","4,188.0000",33.0000,0.7942,"703,374","29,508,724,510","4,195.0000"
M0,豆粕主力连续,2022-05-24,"4,175.0000","4,176.0000","4,071.0000","4,098.0000",-97.0000,-2.3123,"857,255","35,263,901,500","4,113.0000"
M0,豆粕主力连续,2022-05-25,"4,125.0000","4,126.0000","4,069.0000","4,106.0000",-7.0000,-0.1702,"543,951","22,287,552,840","4,097.0000"
M0,豆粕主力连续,2022-05-26,"4,063.0000","4,124.0000","4,043.0000","4,117.0000",20.0000,0.4882,"649,868","26,519,946,360","4,080.0000"
M0,豆粕主力连续,2022-05-27,"4,114.0000","4,216.0000","4,106.0000","4,200.0000",120.0000,2.9412,"811,872","33,873,437,190","4,172.0000"
M0,豆粕主力连续,2022-05-30,"4,210.0000","4,210.0000","4,168.0000","4,193.0000",21.0000,0.5034,"544,700","22,814,707,630","4,188.0000"
M0,豆粕主力连续,2022-05-31,"4,190.0000","4,221.0000","4,186.0000","4,212.0000",24.0000,0.5731,"457,282","19,229,051,260","4,205.0000"
M0,豆粕主力连续,2022-06-01,"4,195.0000","4,210.0000","4,089.0000","4,132.0000",-73.0000,-1.7360,"874,811","36,260,777,850","4,144.0000"
M0,豆粕主力连续,2022-06-02,"4,132.0000","4,155.0000","4,100.0000","4,145.0000",1.0000,0.0241,"562,013","23,234,073,410","4,134.0000"
M0,豆粕主力连续,2022-06-06,"4,188.0000","4,196.0000","4,141.0000","4,146.0000",12.0000,0.2903,"356,132","14,838,409,340","4,166.0000"
M0,豆粕主力连续,2022-06-07,"4,129.0000","4,154.0000","4,106.0000","4,123.0000",-43.0000,-1.0322,"574,740","23,732,279,250","4,129.0000"
M0,豆粕主力连续,2022-06-08,"4,127.0000","4,209.0000","4,084.0000","4,193.0000",64.0000,1.5500,"890,945","37,014,026,220","4,154.0000"
M0,豆粕主力连续,2022-06-09,"4,210.0000","4,253.0000","4,166.0000","4,186.0000",32.0000,0.7703,"629,700","26,505,490,450","4,209.0000"
M0,豆粕主力连续,2022-06-10,"4,195.0000","4,286.0000","4,186.0000","4,264.0000",55.0000,1.3067,"750,128","31,804,862,840","4,239.0000"
M0,豆粕主力连续,2022-06-13,"4,272.0000","4,285.0000","4,142.0000","4,165.0000",-74.0000,-1.7457,"900,244","37,904,707,690","4,210.0000"
M0,豆粕主力连续,2022-06-14,"4,161.0000","4,166.0000","4,100.0000","4,138.0000",-72.0000,-1.7102,"691,619","28,576,061,410","4,131.0000"
M0,豆粕主力连续,2022-06-15,"4,138.0000","4,158.0000","4,089.0000","4,104.0000",-27.0000,-0.6536,"628,058","25,866,332,250","4,118.0000"
M0,豆粕主力连续,2022-06-16,"4,100.0000","4,144.0000","4,089.0000","4,118.0000",0.0000,0.0000,"638,786","26,291,178,100","4,115.0000"
M0,豆粕主力连续,2022-06-17,"4,125.0000","4,191.0000","4,104.0000","4,188.0000",73.0000,1.7740,"800,276","33,227,377,820","4,151.0000"
M0,豆粕主力连续,2022-06-20,"4,188.0000","4,207.0000","4,112.0000","4,129.0000",-22.0000,-0.5300,"814,791","33,878,549,850","4,157.0000"
M0,豆粕主力连续,2022-06-21,"4,127.0000","4,141.0000","4,080.0000","4,094.0000",-63.0000,-1.5155,"896,923","36,824,682,300","4,105.0000"
M0,豆粕主力连续,2022-06-22,"4,090.0000","4,146.0000","4,022.0000","4,025.0000",-80.0000,-1.9488,"1,103,396","44,979,360,260","4,076.0000"
M0,豆粕主力连续,2022-06-23,"4,025.0000","4,050.0000","3,770.0000","3,850.0000",-226.0000,-5.5447,"1,998,717","77,775,836,290","3,891.0000"
M0,豆粕主力连续,2022-06-24,"3,850.0000","3,853.0000","3,722.0000","3,783.0000",-108.0000,-2.7756,"1,368,947","51,843,380,020","3,787.0000"
M0,豆粕主力连续,2022-06-27,"3,820.0000","3,857.0000","3,746.0000","3,825.0000",38.0000,1.0034,"1,072,337","40,809,158,500","3,805.0000"
M0,豆粕主力连续,2022-06-28,"3,844.0000","3,905.0000","3,819.0000","3,897.0000",92.0000,2.4179,"740,942","28,647,303,910","3,866.0000"
M0,豆粕主力连续,2022-06-29,"3,894.0000","3,920.0000","3,862.0000","3,881.0000",15.0000,0.3880,"682,095","26,515,744,250","3,887.0000"
M0,豆粕主力连续,2022-06-30,"3,905.0000","3,924.0000","3,876.0000","3,909.0000",22.0000,0.5660,"669,970","26,137,800,290","3,901.0000"
M0,豆粕主力连续,2022-07-01,"3,881.0000","3,950.0000","3,827.0000","3,874.0000",-27.0000,-0.6921,"1,208,676","46,976,008,680","3,886.0000"
M0,豆粕主力连续,2022-07-04,"3,874.0000","3,878.0000","3,746.0000","3,837.0000",-49.0000,-1.2609,"1,140,409","43,521,359,310","3,816.0000"
M0,豆粕主力连续,2022-07-05,"3,837.0000","3,875.0000","3,781.0000","3,835.0000",19.0000,0.4979,"855,391","32,792,632,270","3,833.0000"
M0,豆粕主力连续,2022-07-06,"3,822.0000","3,839.0000","3,674.0000","3,800.0000",-33.0000,-0.8609,"1,655,942","62,313,048,260","3,762.0000"
M0,豆粕主力连续,2022-07-07,"3,810.0000","3,939.0000","3,785.0000","3,878.0000",116.0000,3.0835,"1,295,441","49,947,440,570","3,855.0000"
M0,豆粕主力连续,2022-07-08,"3,925.0000","3,959.0000","3,890.0000","3,904.0000",49.0000,1.2711,"866,055","33,948,248,940","3,919.0000"
M0,豆粕主力连续,2022-07-11,"3,903.0000","4,020.0000","3,870.0000","3,986.0000",67.0000,1.7096,"862,302","34,126,474,250","3,957.0000"
M0,豆粕主力连续,2022-07-12,"3,978.0000","4,001.0000","3,946.0000","3,957.0000",0.0000,0.0000,"719,970","28,595,634,980","3,971.0000"
M0,豆粕主力连续,2022-07-13,"3,926.0000","3,962.0000","3,828.0000","3,910.0000",-61.0000,-1.5361,"1,164,745","45,322,162,440","3,891.0000"
M0,豆粕主力连续,2022-07-14,"3,881.0000","3,977.0000","3,868.0000","3,963.0000",72.0000,1.8504,"932,025","36,592,213,360","3,926.0000"
M0,豆粕主力连续,2022-07-15,"3,942.0000","3,969.0000","3,884.0000","3,906.0000",-20.0000,-0.5094,"1,042,197","40,935,131,240","3,927.0000"
M0,豆粕主力连续,2022-07-18,"3,920.0000","3,985.0000","3,871.0000","3,965.0000",38.0000,0.9677,"947,577","37,244,952,030","3,930.0000"
M0,豆粕主力连续,2022-07-19,"3,973.0000","3,995.0000","3,897.0000","3,898.0000",-32.0000,-0.8142,"785,605","31,047,074,180","3,951.0000"
M0,豆粕主力连续,2022-07-20,"3,870.0000","3,879.0000","3,769.0000","3,809.0000",-142.0000,-3.5940,"1,246,495","47,606,739,830","3,819.0000"
M0,豆粕主力连续,2022-07-21,"3,805.0000","3,833.0000","3,801.0000","3,820.0000",1.0000,0.0262,"691,810","26,415,182,860","3,818.0000"
M0,豆粕主力连续,2022-07-22,"3,798.0000","3,821.0000","3,733.0000","3,759.0000",-59.0000,-1.5453,"861,984","32,545,619,680","3,775.0000"
M0,豆粕主力连续,2022-07-25,"3,761.0000","3,863.0000","3,755.0000","3,791.0000",16.0000,0.4238,"707,381","26,929,483,250","3,806.0000"
M0,豆粕主力连续,2022-07-26,"3,825.0000","3,904.0000","3,802.0000","3,898.0000",92.0000,2.4172,"638,790","24,671,818,490","3,862.0000"
M0,豆粕主力连续,2022-07-27,"3,910.0000","3,945.0000","3,885.0000","3,920.0000",58.0000,1.5018,"584,243","22,866,025,120","3,913.0000"
M0,豆粕主力连续,2022-07-29,"3,941.0000","3,996.0000","3,928.0000","3,988.0000",75.0000,1.9167,"545,306","21,614,351,460","3,963.0000"
M0,豆粕主力连续,2022-08-01,"4,013.0000","4,073.0000","3,981.0000","4,008.0000",45.0000,1.1355,"684,444","27,566,885,340","4,027.0000"
M0,豆粕主力连续,2022-08-02,"3,983.0000","4,008.0000","3,905.0000","3,956.0000",-71.0000,-1.7631,"618,460","24,476,164,310","3,957.0000"
M0,豆粕主力连续,2022-08-03,"3,942.0000","3,992.0000","3,928.0000","3,970.0000",13.0000,0.3285,"510,277","20,186,141,280","3,955.0000"
M0,豆粕主力连续,2022-08-04,"4,000.0000","4,000.0000","3,920.0000","3,946.0000",-9.0000,-0.2276,"472,920","18,663,399,430","3,946.0000"
M0,豆粕主力连续,2022-08-05,"3,987.0000","4,079.0000","3,975.0000","4,079.0000",133.0000,3.3705,"538,260","21,676,691,560","4,027.0000"
M0,豆粕主力连续,2022-08-08,"4,049.0000","4,050.0000","4,001.0000","4,033.0000",6.0000,0.1490,"411,779","16,571,740,420","4,024.0000"
M0,豆粕主力连续,2022-08-09,"4,015.0000","4,043.0000","4,004.0000","4,009.0000",-15.0000,-0.3728,"346,572","13,929,692,970","4,019.0000"
M0,豆粕主力连续,2022-08-10,"3,706.0000","3,744.0000","3,703.0000","3,716.0000",-303.0000,-7.5392,"420,978","15,677,560,300","3,724.0000"
M0,豆粕主力连续,2022-08-11,"3,746.0000","3,776.0000","3,685.0000","3,721.0000",-3.0000,-0.0806,"663,284","24,762,504,960","3,733.0000"
M0,豆粕主力连续,2022-08-12,"3,739.0000","3,772.0000","3,705.0000","3,761.0000",28.0000,0.7501,"488,881","18,331,776,730","3,749.0000"
M0,豆粕主力连续,2022-08-15,"3,745.0000","3,795.0000","3,674.0000","3,686.0000",-63.0000,-1.6804,"744,220","27,659,211,660","3,716.0000"
M0,豆粕主力连续,2022-08-16,"3,660.0000","3,687.0000","3,636.0000","3,675.0000",-41.0000,-1.1033,"618,009","22,646,370,100","3,664.0000"
M0,豆粕主力连续,2022-08-17,"3,660.0000","3,674.0000","3,640.0000","3,655.0000",-9.0000,-0.2456,"490,495","17,945,190,160","3,658.0000"
M0,豆粕主力连续,2022-08-18,"3,662.0000","3,672.0000","3,635.0000","3,639.0000",-19.0000,-0.5194,"492,540","18,004,204,710","3,655.0000"
M0,豆粕主力连续,2022-08-19,"3,652.0000","3,701.0000","3,615.0000","3,687.0000",32.0000,0.8755,"814,048","29,816,695,930","3,662.0000"
M0,豆粕主力连续,2022-08-22,"3,680.0000","3,706.0000","3,651.0000","3,698.0000",36.0000,0.9831,"511,938","18,848,824,340","3,681.0000"
M0,豆粕主力连续,2022-08-23,"3,717.0000","3,872.0000","3,715.0000","3,853.0000",172.0000,4.6726,"1,069,335","40,706,300,480","3,806.0000"
M0,豆粕主力连续,2022-08-24,"3,839.0000","3,895.0000","3,836.0000","3,882.0000",76.0000,1.9968,"696,780","26,929,915,640","3,864.0000"
M0,豆粕主力连续,2022-08-25,"3,890.0000","3,898.0000","3,809.0000","3,832.0000",-32.0000,-0.8282,"771,592","29,678,974,820","3,846.0000"
M0,豆粕主力连续,2022-08-26,"3,808.0000","3,814.0000","3,756.0000","3,773.0000",-73.0000,-1.8981,"761,101","28,803,410,660","3,784.0000"
M0,豆粕主力连续,2022-08-29,"3,777.0000","3,809.0000","3,763.0000","3,789.0000",5.0000,0.1321,"687,400","26,049,118,960","3,789.0000"
M0,豆粕主力连续,2022-08-30,"3,800.0000","3,807.0000","3,733.0000","3,762.0000",-27.0000,-0.7126,"550,364","20,732,586,690","3,767.0000"
M0,豆粕主力连续,2022-08-31,"3,741.0000","3,793.0000","3,732.0000","3,789.0000",22.0000,0.5840,"486,270","18,298,438,820","3,763.0000"
M0,豆粕主力连续,2022-09-01,"3,759.0000","3,787.0000","3,751.0000","3,773.0000",10.0000,0.2657,"600,741","22,633,727,760","3,767.0000"
M0,豆粕主力连续,2022-09-02,"3,769.0000","3,823.0000","3,742.0000","3,820.0000",53.0000,1.4070,"800,769","30,277,607,370","3,781.0000"
M0,豆粕主力连续,2022-09-05,"3,825.0000","3,879.0000","3,817.0000","3,864.0000",83.0000,2.1952,"696,238","26,764,860,610","3,844.0000"
M0,豆粕主力连续,2022-09-06,"3,870.0000","3,886.0000","3,801.0000","3,811.0000",-33.0000,-0.8585,"644,897","24,724,490,030","3,833.0000"
M0,豆粕主力连续,2022-09-07,"3,800.0000","3,858.0000","3,783.0000","3,840.0000",7.0000,0.1826,"773,136","29,495,887,180","3,815.0000"
M0,豆粕主力连续,2022-09-08,"3,860.0000","3,923.0000","3,835.0000","3,838.0000",23.0000,0.6029,"825,923","31,962,798,970","3,869.0000"
M0,豆粕主力连续,2022-09-09,"3,838.0000","3,871.0000","3,800.0000","3,852.0000",-17.0000,-0.4394,"698,996","26,840,180,940","3,839.0000"
M0,豆粕主力连续,2022-09-13,"4,060.0000","4,079.0000","4,024.0000","4,060.0000",221.0000,5.7567,"763,947","30,927,401,490","4,048.0000"
M0,豆粕主力连续,2022-09-14,"4,043.0000","4,070.0000","4,027.0000","4,042.0000",-6.0000,-0.1482,"702,601","28,452,828,670","4,049.0000"
M0,豆粕主力连续,2022-09-15,"4,042.0000","4,042.0000","3,968.0000","3,985.0000",-64.0000,-1.5806,"861,169","34,427,575,900","3,997.0000"
M0,豆粕主力连续,2022-09-16,"3,981.0000","4,012.0000","3,969.0000","3,999.0000",2.0000,0.0500,"603,105","24,081,407,890","3,992.0000"
M0,豆粕主力连续,2022-09-19,"3,983.0000","4,030.0000","3,960.0000","4,000.0000",8.0000,0.2004,"661,359","26,433,765,860","3,996.0000"
M0,豆粕主力连续,2022-09-20,"3,993.0000","4,033.0000","3,979.0000","4,011.0000",15.0000,0.3754,"722,706","28,967,781,160","4,008.0000"
M0,豆粕主力连续,2022-09-21,"3,999.0000","4,068.0000","3,986.0000","4,058.0000",50.0000,1.2475,"778,720","31,368,545,400","4,028.0000"
M0,豆粕主力连续,2022-09-22,"4,051.0000","4,103.0000","4,035.0000","4,077.0000",49.0000,1.2165,"903,478","36,748,961,410","4,067.0000"
M0,豆粕主力连续,2022-09-23,"4,067.0000","4,082.0000","4,038.0000","4,047.0000",-20.0000,-0.4918,"716,125","29,066,229,300","4,058.0000"
M0,豆粕主力连续,2022-09-26,"4,031.0000","4,049.0000","3,990.0000","4,014.0000",-44.0000,-1.0843,"912,646","36,653,928,390","4,016.0000"
M0,豆粕主力连续,2022-09-27,"4,012.0000","4,048.0000","4,010.0000","4,036.0000",20.0000,0.4980,"613,377","24,725,212,380","4,030.0000"
M0,豆粕主力连续,2022-09-28,"4,051.0000","4,086.0000","4,018.0000","4,060.0000",30.0000,0.7444,"865,922","35,107,506,040","4,054.0000"
M0,豆粕主力连续,2022-09-29,"4,065.0000","4,153.0000","4,053.0000","4,141.0000",87.0000,2.1460,"973,875","39,957,279,190","4,102.0000"
M0,豆粕主力连续,2022-09-30,"4,142.0000","4,175.0000","4,053.0000","4,099.0000",-3.0000,-0.0731,"1,141,329","46,841,630,730","4,104.0000"
M0,豆粕主力连续,2022-10-10,"4,196.0000","4,196.0000","4,084.0000","4,093.0000",-11.0000,-0.2680,"844,508","34,728,675,040","4,112.0000"
M0,豆粕主力连续,2022-10-11,"4,114.0000","4,116.0000","4,032.0000","4,045.0000",-67.0000,-1.6294,"832,100","33,837,947,170","4,066.0000"
M0,豆粕主力连续,2022-10-12,"4,034.0000","4,081.0000","4,025.0000","4,076.0000",10.0000,0.2459,"762,599","30,873,818,270","4,048.0000"
M0,豆粕主力连续,2022-10-13,"4,068.0000","4,121.0000","4,059.0000","4,078.0000",30.0000,0.7411,"896,242","36,643,303,020","4,088.0000"
M0,豆粕主力连续,2022-10-14,"4,073.0000","4,172.0000","4,063.0000","4,163.0000",75.0000,1.8346,"1,101,374","45,417,502,770","4,123.0000"
M0,豆粕主力连续,2022-10-17,"4,150.0000","4,182.0000","4,053.0000","4,054.0000",-69.0000,-1.6735,"1,167,499","48,004,094,410","4,111.0000"
M0,豆粕主力连续,2022-10-18,"4,068.0000","4,074.0000","3,994.0000","4,003.0000",-108.0000,-2.6271,"1,008,008","40,645,541,260","4,032.0000"
M0,豆粕主力连续,2022-10-19,"4,003.0000","4,018.0000","3,961.0000","3,988.0000",-44.0000,-1.0913,"1,041,935","41,598,500,130","3,992.0000"
M0,豆粕主力连续,2022-10-20,"3,975.0000","4,042.0000","3,961.0000","4,014.0000",22.0000,0.5511,"1,029,073","41,262,835,140","4,009.0000"
M0,豆粕主力连续,2022-10-21,"4,030.0000","4,091.0000","4,004.0000","4,008.0000",-1.0000,-0.0249,"1,010,021","40,904,196,270","4,049.0000"
M0,豆粕主力连续,2022-10-24,"3,998.0000","4,065.0000","3,997.0000","4,052.0000",3.0000,0.0741,"1,045,872","42,223,866,340","4,037.0000"
M0,豆粕主力连续,2022-10-25,"4,050.0000","4,066.0000","4,007.0000","4,036.0000",-1.0000,-0.0248,"1,042,509","42,099,525,310","4,038.0000"
M0,豆粕主力连续,2022-10-26,"4,040.0000","4,107.0000","4,034.0000","4,102.0000",64.0000,1.5849,"897,050","36,583,745,450","4,078.0000"
M0,豆粕主力连续,2022-10-27,"4,105.0000","4,113.0000","4,051.0000","4,073.0000",-5.0000,-0.1226,"948,723","38,693,175,990","4,078.0000"
M0,豆粕主力连续,2022-10-28,"4,080.0000","4,104.0000","4,024.0000","4,042.0000",-36.0000,-0.8828,"1,136,261","46,163,027,510","4,062.0000"
M0,豆粕主力连续,2022-10-31,"4,049.0000","4,120.0000","4,013.0000","4,111.0000",49.0000,1.2063,"1,352,574","55,116,180,140","4,074.0000"
M0,豆粕主力连续,2022-11-01,"4,099.0000","4,255.0000","4,095.0000","4,234.0000",160.0000,3.9273,"1,720,223","72,083,319,520","4,190.0000"
M0,豆粕主力连续,2022-11-02,"4,234.0000","4,291.0000","4,194.0000","4,201.0000",11.0000,0.2625,"1,340,448","56,870,535,110","4,242.0000"
M0,豆粕主力连续,2022-11-03,"4,188.0000","4,234.0000","4,158.0000","4,210.0000",-32.0000,-0.7544,"1,205,535","50,575,052,330","4,195.0000"
M0,豆粕主力连续,2022-11-04,"4,184.0000","4,217.0000","4,156.0000","4,188.0000",-7.0000,-0.1669,"1,260,284","52,782,094,810","4,188.0000"
M0,豆粕主力连续,2022-11-07,"4,198.0000","4,226.0000","4,167.0000","4,218.0000",30.0000,0.7163,"1,138,884","47,803,882,880","4,197.0000"
M0,豆粕主力连续,2022-11-08,"4,228.0000","4,283.0000","4,218.0000","4,251.0000",54.0000,1.2866,"1,134,213","48,169,629,890","4,246.0000"
M0,豆粕主力连续,2022-11-09,"4,246.0000","4,265.0000","4,223.0000","4,260.0000",14.0000,0.3297,"927,906","39,395,881,800","4,245.0000"
M0,豆粕主力连续,2022-11-10,"4,253.0000","4,329.0000","4,234.0000","4,297.0000",52.0000,1.2250,"1,142,286","48,946,099,210","4,284.0000"
M0,豆粕主力连续,2022-11-11,"4,278.0000","4,304.0000","4,210.0000","4,234.0000",-50.0000,-1.1671,"1,257,305","53,428,245,860","4,249.0000"
M0,豆粕主力连续,2022-11-14,"4,226.0000","4,244.0000","4,136.0000","4,163.0000",-86.0000,-2.0240,"1,156,722","48,479,367,760","4,191.0000"
M0,豆粕主力连续,2022-11-15,"4,169.0000","4,182.0000","4,131.0000","4,149.0000",-42.0000,-1.0021,"755,314","31,390,159,870","4,155.0000"
M0,豆粕主力连续,2022-11-16,"4,136.0000","4,187.0000","4,124.0000","4,169.0000",14.0000,0.3369,"809,156","33,617,436,090","4,154.0000"
M0,豆粕主力连续,2022-11-17,"4,168.0000","4,174.0000","4,133.0000","4,143.0000",-11.0000,-0.2648,"701,667","29,131,800,700","4,151.0000"
M0,豆粕主力连续,2022-11-18,"4,126.0000","4,151.0000","4,090.0000","4,109.0000",-42.0000,-1.0118,"1,065,840","43,939,451,320","4,122.0000"
M0,豆粕主力连续,2022-11-21,"4,119.0000","4,157.0000","4,108.0000","4,139.0000",17.0000,0.4124,"748,685","30,941,967,230","4,132.0000"
M0,豆粕主力连续,2022-11-22,"4,140.0000","4,187.0000","4,139.0000","4,168.0000",36.0000,0.8712,"676,971","28,220,143,700","4,168.0000"
M0,豆粕主力连续,2022-11-23,"4,168.0000","4,225.0000","4,166.0000","4,212.0000",44.0000,1.0557,"831,040","34,879,245,500","4,197.0000"
M0,豆粕主力连续,2022-11-24,"4,202.0000","4,276.0000","4,199.0000","4,256.0000",59.0000,1.4058,"647,970","27,510,706,500","4,245.0000"
M0,豆粕主力连续,2022-11-25,"4,259.0000","4,306.0000","4,242.0000","4,303.0000",58.0000,1.3663,"682,484","29,189,918,100","4,277.0000"
M0,豆粕主力连续,2022-11-28,"4,310.0000","4,314.0000","4,220.0000","4,220.0000",-57.0000,-1.3327,"917,405","39,008,185,440","4,252.0000"
M0,豆粕主力连续,2022-11-29,"4,239.0000","4,270.0000","4,213.0000","4,261.0000",9.0000,0.2117,"564,416","23,980,461,910","4,248.0000"
M0,豆粕主力连续,2022-11-30,"4,260.0000","4,306.0000","4,249.0000","4,298.0000",50.0000,1.1770,"721,357","30,858,537,900","4,277.0000"
M0,豆粕主力连续,2022-12-01,"4,315.0000","4,324.0000","4,262.0000","4,276.0000",-1.0000,-0.0234,"696,224","29,846,135,870","4,286.0000"
M0,豆粕主力连续,2022-12-02,"4,265.0000","4,315.0000","4,255.0000","4,281.0000",-5.0000,-0.1167,"774,240","33,174,646,370","4,284.0000"
M0,豆粕主力连续,2022-12-05,"4,280.0000","4,301.0000","4,234.0000","4,249.0000",-35.0000,-0.8170,"891,171","37,981,127,710","4,261.0000"
M0,豆粕主力连续,2022-12-06,"4,270.0000","4,283.0000","4,232.0000","4,261.0000",0.0000,0.0000,"693,776","29,524,504,290","4,255.0000"
M0,豆粕主力连续,2022-12-07,"4,271.0000","4,295.0000","4,259.0000","4,285.0000",30.0000,0.7051,"611,090","26,155,376,720","4,280.0000"
M0,豆粕主力连续,2022-12-08,"4,295.0000","4,435.0000","4,293.0000","4,428.0000",148.0000,3.4579,"1,270,128","55,578,648,990","4,375.0000"
M0,豆粕主力连续,2022-12-09,"4,420.0000","4,448.0000","4,407.0000","4,444.0000",69.0000,1.5771,"648,425","28,701,129,600","4,426.0000"
M0,豆粕主力连续,2022-12-12,"4,450.0000","4,450.0000","4,372.0000","4,377.0000",-49.0000,-1.1071,"864,066","38,074,333,020","4,406.0000"
M0,豆粕主力连续,2022-12-13,"4,372.0000","4,385.0000","4,341.0000","4,369.0000",-37.0000,-0.8398,"480,893","20,990,750,510","4,364.0000"
M0,豆粕主力连续,2022-12-14,"4,364.0000","4,382.0000","4,268.0000","4,289.0000",-75.0000,-1.7186,"828,968","35,891,104,230","4,329.0000"
M0,豆粕主力连续,2022-12-15,"3,710.0000","3,726.0000","3,697.0000","3,722.0000",-607.0000,-14.0217,"484,501","17,989,724,600","3,713.0000"
M0,豆粕主力连续,2022-12-16,"3,729.0000","3,777.0000","3,725.0000","3,752.0000",39.0000,1.0504,"674,893","25,354,546,560","3,756.0000"
M0,豆粕主力连续,2022-12-19,"3,745.0000","3,782.0000","3,682.0000","3,704.0000",-52.0000,-1.3845,"906,522","33,761,475,150","3,724.0000"
M0,豆粕主力连续,2022-12-20,"3,715.0000","3,727.0000","3,681.0000","3,719.0000",-5.0000,-0.1343,"591,419","21,922,799,370","3,706.0000"
M0,豆粕主力连续,2022-12-21,"3,719.0000","3,778.0000","3,718.0000","3,758.0000",52.0000,1.4031,"693,989","26,059,959,510","3,755.0000"
M0,豆粕主力连续,2022-12-22,"3,767.0000","3,785.0000","3,757.0000","3,775.0000",20.0000,0.5326,"471,822","17,798,025,710","3,772.0000"
M0,豆粕主力连续,2022-12-23,"3,774.0000","3,798.0000","3,752.0000","3,788.0000",16.0000,0.4242,"516,415","19,495,822,740","3,775.0000"
M0,豆粕主力连续,2022-12-26,"3,798.0000","3,901.0000","3,789.0000","3,878.0000",103.0000,2.7285,"817,355","31,486,878,980","3,852.0000"
M0,豆粕主力连续,2022-12-27,"3,882.0000","3,908.0000","3,871.0000","3,893.0000",41.0000,1.0644,"561,175","21,831,213,330","3,890.0000"
M0,豆粕主力连续,2022-12-28,"3,887.0000","3,890.0000","3,811.0000","3,839.0000",-51.0000,-1.3111,"815,288","31,325,576,270","3,842.0000"
M0,豆粕主力连续,2022-12-29,"3,840.0000","3,894.0000","3,836.0000","3,882.0000",40.0000,1.0411,"622,281","24,064,707,930","3,867.0000"
M0,豆粕主力连续,2022-12-30,"3,870.0000","3,940.0000","3,851.0000","3,936.0000",69.0000,1.7843,"885,334","34,511,012,630","3,898.0000"
M0,豆粕主力连续,2023-01-03,"3,935.0000","3,976.0000","3,910.0000","3,943.0000",45.0000,1.1544,"504,292","19,884,051,990","3,942.0000"
M0,豆粕主力连续,2023-01-04,"3,943.0000","3,951.0000","3,856.0000","3,866.0000",-76.0000,-1.9280,"871,802","33,913,157,150","3,890.0000"
M0,豆粕主力连续,2023-01-05,"3,861.0000","3,874.0000","3,817.0000","3,831.0000",-59.0000,-1.5167,"621,266","23,878,415,210","3,843.0000"
M0,豆粕主力连续,2023-01-06,"3,830.0000","3,830.0000","3,780.0000","3,797.0000",-46.0000,-1.1970,"704,879","26,792,694,140","3,801.0000"
M0,豆粕主力连续,2023-01-09,"3,787.0000","3,839.0000","3,782.0000","3,819.0000",18.0000,0.4736,"672,302","25,625,883,740","3,811.0000"
M0,豆粕主力连续,2023-01-10,"3,813.0000","3,822.0000","3,764.0000","3,782.0000",-29.0000,-0.7610,"646,419","24,469,511,580","3,785.0000"
M0,豆粕主力连续,2023-01-11,"3,781.0000","3,822.0000","3,769.0000","3,820.0000",35.0000,0.9247,"528,153","20,051,085,460","3,796.0000"
M0,豆粕主力连续,2023-01-12,"3,822.0000","3,887.0000","3,821.0000","3,877.0000",81.0000,2.1338,"699,276","26,954,929,550","3,854.0000"
M0,豆粕主力连续,2023-01-13,"3,877.0000","3,921.0000","3,867.0000","3,916.0000",62.0000,1.6087,"621,285","24,209,372,540","3,896.0000"
M0,豆粕主力连续,2023-01-16,"3,901.0000","3,914.0000","3,869.0000","3,899.0000",3.0000,0.0770,"484,030","18,857,592,870","3,895.0000"
M0,豆粕主力连续,2023-01-17,"3,908.0000","3,910.0000","3,851.0000","3,884.0000",-11.0000,-0.2824,"549,146","21,305,268,960","3,879.0000"
M0,豆粕主力连续,2023-01-18,"3,892.0000","3,967.0000","3,867.0000","3,952.0000",73.0000,1.8819,"630,173","24,737,333,450","3,925.0000"
M0,豆粕主力连续,2023-01-19,"3,940.0000","3,940.0000","3,875.0000","3,886.0000",-39.0000,-0.9936,"620,465","24,184,771,900","3,897.0000"
M0,豆粕主力连续,2023-01-20,"3,889.0000","3,889.0000","3,838.0000","3,841.0000",-56.0000,-1.4370,"488,082","18,836,086,640","3,859.0000"
M0,豆粕主力连续,2023-01-30,"3,879.0000","3,908.0000","3,858.0000","3,899.0000",40.0000,1.0365,"459,787","17,859,035,920","3,884.0000"
M0,豆粕主力连续,2023-01-31,"3,922.0000","3,936.0000","3,893.0000","3,906.0000",22.0000,0.5664,"639,536","25,055,930,040","3,917.0000"
M0,豆粕主力连续,2023-02-01,"3,899.0000","3,899.0000","3,869.0000","3,890.0000",-27.0000,-0.6893,"585,474","22,745,492,470","3,884.0000"
M0,豆粕主力连续,2023-02-02,"3,898.0000","3,918.0000","3,850.0000","3,876.0000",-8.0000,-0.2060,"669,229","25,973,209,680","3,881.0000"
M0,豆粕主力连续,2023-02-03,"3,875.0000","3,899.0000","3,843.0000","3,891.0000",10.0000,0.2577,"760,028","29,419,896,540","3,870.0000"
M0,豆粕主力连续,2023-02-06,"3,892.0000","3,947.0000","3,886.0000","3,922.0000",52.0000,1.3437,"824,570","32,312,943,420","3,918.0000"
M0,豆粕主力连续,2023-02-07,"3,918.0000","3,918.0000","3,858.0000","3,867.0000",-51.0000,-1.3017,"723,723","28,080,703,160","3,880.0000"
M0,豆粕主力连续,2023-02-08,"3,871.0000","3,881.0000","3,852.0000","3,866.0000",-14.0000,-0.3608,"596,518","23,057,753,580","3,865.0000"
M0,豆粕主力连续,2023-02-09,"3,870.0000","3,892.0000","3,815.0000","3,819.0000",-46.0000,-1.1902,"841,016","32,401,418,390","3,852.0000"
M0,豆粕主力连续,2023-02-10,"3,840.0000","3,870.0000","3,810.0000","3,853.0000",1.0000,0.0260,"726,217","27,925,463,280","3,845.0000"
M0,豆粕主力连续,2023-02-13,"3,849.0000","3,921.0000","3,838.0000","3,882.0000",37.0000,0.9623,"720,835","28,008,976,650","3,885.0000"
M0,豆粕主力连续,2023-02-14,"3,880.0000","3,895.0000","3,861.0000","3,881.0000",-4.0000,-0.1030,"515,010","19,960,952,060","3,875.0000"
M0,豆粕主力连续,2023-02-15,"3,878.0000","3,892.0000","3,828.0000","3,838.0000",-37.0000,-0.9548,"811,976","31,305,147,750","3,855.0000"
M0,豆粕主力连续,2023-02-16,"3,828.0000","3,843.0000","3,803.0000","3,835.0000",-20.0000,-0.5188,"606,019","23,167,166,060","3,822.0000"
M0,豆粕主力连续,2023-02-17,"3,822.0000","3,838.0000","3,814.0000","3,828.0000",6.0000,0.1570,"484,402","18,535,285,010","3,826.0000"
M0,豆粕主力连续,2023-02-20,"3,835.0000","3,880.0000","3,791.0000","3,866.0000",40.0000,1.0455,"738,973","28,376,894,720","3,840.0000"
M0,豆粕主力连续,2023-02-21,"3,879.0000","3,884.0000","3,845.0000","3,857.0000",17.0000,0.4427,"444,550","17,164,809,000","3,861.0000"
M0,豆粕主力连续,2023-02-22,"3,858.0000","3,896.0000","3,848.0000","3,874.0000",13.0000,0.3367,"638,860","24,745,454,020","3,873.0000"
M0,豆粕主力连续,2023-02-23,"3,870.0000","3,875.0000","3,835.0000","3,840.0000",-33.0000,-0.8521,"502,713","19,363,407,680","3,851.0000"
M0,豆粕主力连续,2023-02-24,"3,836.0000","3,870.0000","3,823.0000","3,859.0000",8.0000,0.2077,"571,552","22,003,106,430","3,849.0000"
M0,豆粕主力连续,2023-02-27,"3,856.0000","3,858.0000","3,813.0000","3,825.0000",-24.0000,-0.6235,"679,723","26,039,939,560","3,830.0000"
M0,豆粕主力连续,2023-02-28,"3,830.0000","3,838.0000","3,770.0000","3,775.0000",-55.0000,-1.4360,"700,394","26,612,323,560","3,799.0000"
M0,豆粕主力连续,2023-03-01,"3,774.0000","3,776.0000","3,732.0000","3,745.0000",-54.0000,-1.4214,"648,174","24,325,829,050","3,752.0000"
M0,豆粕主力连续,2023-03-02,"3,745.0000","3,748.0000","3,722.0000","3,736.0000",-16.0000,-0.4264,"525,209","19,615,516,830","3,734.0000"
M0,豆粕主力连续,2023-03-03,"3,745.0000","3,776.0000","3,735.0000","3,763.0000",29.0000,0.7766,"589,517","22,146,720,980","3,756.0000"
M0,豆粕主力连续,2023-03-06,"3,770.0000","3,786.0000","3,765.0000","3,782.0000",26.0000,0.6922,"467,280","17,650,770,450","3,777.0000"
M0,豆粕主力连续,2023-03-07,"3,782.0000","3,831.0000","3,776.0000","3,806.0000",29.0000,0.7678,"622,984","23,721,706,780","3,807.0000"
M0,豆粕主力连续,2023-03-08,"3,800.0000","3,820.0000","3,781.0000","3,800.0000",-7.0000,-0.1839,"485,804","18,463,237,350","3,800.0000"
M0,豆粕主力连续,2023-03-09,"3,795.0000","3,828.0000","3,793.0000","3,820.0000",20.0000,0.5263,"527,622","20,115,640,610","3,812.0000"
M0,豆粕主力连续,2023-03-10,"3,828.0000","3,845.0000","3,795.0000","3,799.0000",-13.0000,-0.3410,"609,399","23,276,391,150","3,819.0000"
M0,豆粕主力连续,2023-03-13,"3,789.0000","3,817.0000","3,765.0000","3,809.0000",-10.0000,-0.2618,"600,431","22,771,806,110","3,792.0000"
M0,豆粕主力连续,2023-03-14,"3,792.0000","3,808.0000","3,755.0000","3,765.0000",-27.0000,-0.7120,"682,775","25,801,248,140","3,778.0000"
M0,豆粕主力连续,2023-03-15,"3,765.0000","3,784.0000","3,746.0000","3,768.0000",-10.0000,-0.2647,"515,445","19,400,130,010","3,763.0000"
M0,豆粕主力连续,2023-03-16,"3,755.0000","3,774.0000","3,735.0000","3,745.0000",-18.0000,-0.4783,"582,603","21,858,124,960","3,751.0000"
M0,豆粕主力连续,2023-03-17,"3,758.0000","3,762.0000","3,700.0000","3,701.0000",-50.0000,-1.3330,"784,303","29,257,806,090","3,730.0000"
M0,豆粕主力连续,2023-03-20,"3,700.0000","3,703.0000","3,598.0000","3,599.0000",-131.0000,-3.5121,"875,282","31,980,600,020","3,653.0000"
M0,豆粕主力连续,2023-03-21,"3,610.0000","3,651.0000","3,594.0000","3,640.0000",-13.0000,-0.3559,"674,343","24,452,740,210","3,626.0000"
M0,豆粕主力连续,2023-03-22,"3,663.0000","3,669.0000","3,570.0000","3,602.0000",-24.0000,-0.6619,"710,231","25,644,242,390","3,610.0000"
M0,豆粕主力连续,2023-03-23,"3,594.0000","3,599.0000","3,525.0000","3,544.0000",-66.0000,-1.8283,"702,611","25,009,068,400","3,559.0000"
M0,豆粕主力连续,2023-03-24,"3,554.0000","3,554.0000","3,448.0000","3,507.0000",-52.0000,-1.4611,"1,092,103","38,151,013,440","3,493.0000"
M0,豆粕主力连续,2023-03-27,"3,489.0000","3,539.0000","3,462.0000","3,486.0000",-7.0000,-0.2004,"798,790","27,955,266,280","3,499.0000"
M0,豆粕主力连续,2023-03-28,"3,502.0000","3,526.0000","3,481.0000","3,523.0000",24.0000,0.6859,"618,806","21,691,983,000","3,505.0000"
M0,豆粕主力连续,2023-03-29,"3,536.0000","3,571.0000","3,528.0000","3,535.0000",30.0000,0.8559,"621,293","22,039,203,870","3,547.0000"
M0,豆粕主力连续,2023-03-30,"3,549.0000","3,555.0000","3,527.0000","3,532.0000",-15.0000,-0.4229,"433,726","15,370,024,790","3,543.0000"
M0,豆粕主力连续,2023-03-31,"3,542.0000","3,553.0000","3,502.0000","3,511.0000",-32.0000,-0.9032,"507,762","17,904,404,450","3,526.0000"
M0,豆粕主力连续,2023-04-03,"3,519.0000","3,656.0000","3,486.0000","3,638.0000",112.0000,3.1764,"953,263","34,172,660,720","3,584.0000"
M0,豆粕主力连续,2023-04-04,"3,643.0000","3,676.0000","3,638.0000","3,668.0000",84.0000,2.3438,"597,669","21,850,805,890","3,656.0000"
M0,豆粕主力连续,2023-04-06,"3,628.0000","3,641.0000","3,595.0000","3,598.0000",-58.0000,-1.5864,"414,771","15,016,243,130","3,620.0000"
M0,豆粕主力连续,2023-04-07,"3,628.0000","3,631.0000","3,593.0000","3,607.0000",-13.0000,-0.3591,"484,065","17,469,660,660","3,608.0000"
M0,豆粕主力连续,2023-04-10,"3,602.0000","3,616.0000","3,583.0000","3,587.0000",-21.0000,-0.5820,"402,492","14,484,087,650","3,598.0000"
M0,豆粕主力连续,2023-04-11,"3,585.0000","3,611.0000","3,551.0000","3,598.0000",0.0000,0.0000,"637,521","22,837,111,390","3,582.0000"
M0,豆粕主力连续,2023-04-12,"3,596.0000","3,606.0000","3,542.0000","3,556.0000",-26.0000,-0.7259,"695,725","24,843,709,120","3,570.0000"
M0,豆粕主力连续,2023-04-13,"3,561.0000","3,612.0000","3,558.0000","3,607.0000",37.0000,1.0364,"778,042","27,893,263,680","3,585.0000"
M0,豆粕主力连续,2023-04-14,"3,613.0000","3,623.0000","3,551.0000","3,551.0000",-34.0000,-0.9484,"882,344","31,666,383,250","3,588.0000"
M0,豆粕主力连续,2023-04-17,"3,551.0000","3,563.0000","3,505.0000","3,563.0000",-25.0000,-0.6968,"973,596","34,422,229,310","3,535.0000"
M0,豆粕主力连续,2023-04-18,"3,567.0000","3,607.0000","3,565.0000","3,595.0000",60.0000,1.6973,"882,989","31,686,519,740","3,588.0000"
M0,豆粕主力连续,2023-04-19,"3,586.0000","3,586.0000","3,485.0000","3,490.0000",-98.0000,-2.7313,"1,246,184","44,027,768,430","3,533.0000"
M0,豆粕主力连续,2023-04-20,"3,489.0000","3,494.0000","3,409.0000","3,445.0000",-88.0000,-2.4908,"1,210,061","41,722,903,450","3,448.0000"
M0,豆粕主力连续,2023-04-21,"3,436.0000","3,460.0000","3,402.0000","3,405.0000",-43.0000,-1.2471,"942,738","32,374,883,670","3,434.0000"
M0,豆粕主力连续,2023-04-24,"3,403.0000","3,440.0000","3,362.0000","3,431.0000",-3.0000,-0.0874,"1,098,366","37,384,441,020","3,403.0000"
M0,豆粕主力连续,2023-04-25,"3,431.0000","3,444.0000","3,380.0000","3,425.0000",22.0000,0.6465,"1,014,083","34,617,369,060","3,413.0000"
M0,豆粕主力连续,2023-04-26,"3,418.0000","3,475.0000","3,396.0000","3,472.0000",59.0000,1.7287,"1,256,712","43,223,213,730","3,439.0000"
M0,豆粕主力连续,2023-04-27,"3,464.0000","3,475.0000","3,440.0000","3,450.0000",11.0000,0.3199,"965,090","33,369,442,160","3,457.0000"
M0,豆粕主力连续,2023-04-28,"3,441.0000","3,515.0000","3,428.0000","3,497.0000",40.0000,1.1571,"1,077,250","37,470,304,090","3,478.0000"
M0,豆粕主力连续,2023-05-04,"3,503.0000","3,510.0000","3,460.0000","3,469.0000",-9.0000,-0.2588,"766,599","26,674,524,090","3,479.0000"
M0,豆粕主力连续,2023-05-05,"3,462.0000","3,524.0000","3,447.0000","3,518.0000",39.0000,1.1210,"1,154,436","40,258,560,470","3,487.0000"
M0,豆粕主力连续,2023-05-08,"3,517.0000","3,565.0000","3,512.0000","3,544.0000",57.0000,1.6346,"1,159,403","41,046,809,620","3,540.0000"
M0,豆粕主力连续,2023-05-09,"3,550.0000","3,553.0000","3,511.0000","3,527.0000",-13.0000,-0.3672,"876,473","30,949,080,570","3,531.0000"
M0,豆粕主力连续,2023-05-10,"3,520.0000","3,520.0000","3,461.0000","3,481.0000",-50.0000,-1.4160,"1,138,298","39,727,673,180","3,490.0000"
M0,豆粕主力连续,2023-05-11,"3,481.0000","3,499.0000","3,455.0000","3,484.0000",-6.0000,-0.1719,"874,186","30,400,633,110","3,477.0000"
M0,豆粕主力连续,2023-05-12,"3,469.0000","3,552.0000","3,450.0000","3,537.0000",60.0000,1.7256,"1,185,989","41,621,596,120","3,509.0000"
M0,豆粕主力连续,2023-05-15,"3,532.0000","3,536.0000","3,479.0000","3,506.0000",-3.0000,-0.0855,"1,075,011","37,657,080,110","3,502.0000"
M0,豆粕主力连续,2023-05-16,"3,521.0000","3,557.0000","3,512.0000","3,548.0000",46.0000,1.3135,"954,852","33,773,398,060","3,537.0000"
M0,豆粕主力连续,2023-05-17,"3,544.0000","3,544.0000","3,457.0000","3,475.0000",-62.0000,-1.7529,"1,059,883","36,987,519,190","3,489.0000"
M0,豆粕主力连续,2023-05-18,"3,470.0000","3,503.0000","3,435.0000","3,489.0000",0.0000,0.0000,"1,140,164","39,637,517,670","3,476.0000"
M0,豆粕主力连续,2023-05-19,"3,473.0000","3,515.0000","3,450.0000","3,453.0000",-23.0000,-0.6617,"1,170,725","40,780,344,460","3,483.0000"
M0,豆粕主力连续,2023-05-22,"3,465.0000","3,477.0000","3,413.0000","3,440.0000",-43.0000,-1.2346,"1,214,167","41,810,241,810","3,443.0000"
M0,豆粕主力连续,2023-05-23,"3,455.0000","3,515.0000","3,442.0000","3,488.0000",45.0000,1.3070,"1,045,732","36,477,850,980","3,488.0000"
M0,豆粕主力连续,2023-05-24,"3,500.0000","3,509.0000","3,438.0000","3,446.0000",-42.0000,-1.2041,"879,658","30,517,766,940","3,469.0000"
M0,豆粕主力连续,2023-05-25,"3,446.0000","3,476.0000","3,423.0000","3,434.0000",-35.0000,-1.0089,"979,460","33,749,333,850","3,445.0000"
M0,豆粕主力连续,2023-05-26,"3,441.0000","3,454.0000","3,403.0000","3,451.0000",6.0000,0.1742,"1,038,700","35,610,548,840","3,428.0000"
M0,豆粕主力连续,2023-05-29,"3,460.0000","3,491.0000","3,416.0000","3,424.0000",-4.0000,-0.1167,"1,103,377","38,134,930,660","3,456.0000"
M0,豆粕主力连续,2023-05-30,"3,426.0000","3,436.0000","3,408.0000","3,416.0000",-40.0000,-1.1574,"825,845","28,246,309,380","3,420.0000"
M0,豆粕主力连续,2023-05-31,"3,415.0000","3,424.0000","3,358.0000","3,379.0000",-41.0000,-1.1988,"1,158,607","39,250,905,800","3,387.0000"
M0,豆粕主力连续,2023-06-01,"3,360.0000","3,460.0000","3,339.0000","3,444.0000",57.0000,1.6829,"1,204,658","41,076,636,390","3,409.0000"
M0,豆粕主力连续,2023-06-02,"3,455.0000","3,463.0000","3,364.0000","3,398.0000",-11.0000,-0.3227,"1,239,826","42,258,265,500","3,408.0000"
M0,豆粕主力连续,2023-06-05,"3,401.0000","3,528.0000","3,389.0000","3,499.0000",91.0000,2.6702,"1,427,899","49,553,091,430","3,470.0000"
M0,豆粕主力连续,2023-06-06,"3,497.0000","3,526.0000","3,490.0000","3,505.0000",35.0000,1.0086,"1,033,275","36,262,027,720","3,509.0000"
M0,豆粕主力连续,2023-06-07,"3,502.0000","3,515.0000","3,468.0000","3,478.0000",-31.0000,-0.8834,"927,710","32,379,424,100","3,490.0000"
M0,豆粕主力连续,2023-06-08,"3,480.0000","3,489.0000","3,460.0000","3,481.0000",-9.0000,-0.2579,"815,306","28,345,466,620","3,476.0000"
M0,豆粕主力连续,2023-06-09,"3,492.0000","3,505.0000","3,475.0000","3,494.0000",18.0000,0.5178,"745,548","26,007,774,550","3,488.0000"
M0,豆粕主力连续,2023-06-12,"3,497.0000","3,538.0000","3,489.0000","3,507.0000",19.0000,0.5447,"940,947","33,052,368,620","3,512.0000"
M0,豆粕主力连续,2023-06-13,"3,515.0000","3,546.0000","3,490.0000","3,542.0000",30.0000,0.8542,"934,312","32,827,428,400","3,513.0000"
M0,豆粕主力连续,2023-06-14,"3,559.0000","3,570.0000","3,527.0000","3,538.0000",25.0000,0.7116,"763,468","27,074,541,410","3,546.0000"
M0,豆粕主力连续,2023-06-15,"3,529.0000","3,604.0000","3,516.0000","3,595.0000",49.0000,1.3818,"1,044,245","37,170,589,280","3,559.0000"
M0,豆粕主力连续,2023-06-16,"3,609.0000","3,686.0000","3,602.0000","3,665.0000",106.0000,2.9784,"1,289,550","47,068,509,360","3,649.0000"
M0,豆粕主力连续,2023-06-19,"3,720.0000","3,735.0000","3,675.0000","3,705.0000",56.0000,1.5347,"1,342,446","49,678,885,560","3,700.0000"
M0,豆粕主力连续,2023-06-20,"3,710.0000","3,790.0000","3,706.0000","3,755.0000",55.0000,1.4865,"1,237,170","46,484,941,430","3,757.0000"
M0,豆粕主力连续,2023-06-21,"3,745.0000","3,820.0000","3,735.0000","3,819.0000",62.0000,1.6503,"1,226,081","46,391,155,120","3,783.0000"
M0,豆粕主力连续,2023-06-26,"3,725.0000","3,789.0000","3,723.0000","3,787.0000",4.0000,0.1057,"771,150","28,977,001,180","3,757.0000"
M0,豆粕主力连续,2023-06-27,"3,795.0000","3,815.0000","3,740.0000","3,751.0000",-6.0000,-0.1597,"1,148,115","43,277,487,850","3,769.0000"
M0,豆粕主力连续,2023-06-28,"3,710.0000","3,757.0000","3,697.0000","3,740.0000",-29.0000,-0.7694,"1,086,620","40,470,495,360","3,724.0000"
M0,豆粕主力连续,2023-06-29,"3,714.0000","3,740.0000","3,688.0000","3,736.0000",12.0000,0.3222,"1,201,314","44,640,566,710","3,715.0000"
M0,豆粕主力连续,2023-06-30,"3,723.0000","3,778.0000","3,704.0000","3,756.0000",41.0000,1.1036,"1,168,990","43,734,639,450","3,741.0000"
M0,豆粕主力连续,2023-07-03,"3,756.0000","3,965.0000","3,746.0000","3,965.0000",224.0000,5.9877,"1,130,889","44,026,039,800","3,893.0000"
M0,豆粕主力连续,2023-07-04,"4,030.0000","4,030.0000","3,926.0000","3,977.0000",84.0000,2.1577,"1,654,175","65,780,126,490","3,976.0000"
M0,豆粕主力连续,2023-07-05,"3,972.0000","4,018.0000","3,958.0000","3,991.0000",15.0000,0.3773,"1,145,804","45,683,051,070","3,986.0000"
M0,豆粕主力连续,2023-07-06,"3,989.0000","4,005.0000","3,940.0000","3,985.0000",-1.0000,-0.0251,"1,141,839","45,416,704,780","3,977.0000"
M0,豆粕主力连续,2023-07-07,"3,974.0000","3,987.0000","3,945.0000","3,967.0000",-10.0000,-0.2514,"1,059,996","42,055,818,960","3,967.0000"
M0,豆粕主力连续,2023-07-10,"3,959.0000","3,977.0000","3,898.0000","3,975.0000",8.0000,0.2017,"1,185,659","46,651,118,650","3,934.0000"
M0,豆粕主力连续,2023-07-11,"3,990.0000","4,045.0000","3,984.0000","3,994.0000",60.0000,1.5252,"1,208,258","48,456,398,170","4,010.0000"
M0,豆粕主力连续,2023-07-12,"4,015.0000","4,071.0000","3,983.0000","4,051.0000",41.0000,1.0224,"948,510","38,258,762,560","4,033.0000"
M0,豆粕主力连续,2023-07-13,"4,060.0000","4,096.0000","3,972.0000","4,020.0000",-13.0000,-0.3223,"1,226,458","49,371,665,350","4,025.0000"
M0,豆粕主力连续,2023-07-14,"4,035.0000","4,095.0000","4,022.0000","4,023.0000",-2.0000,-0.0497,"975,633","39,537,376,840","4,052.0000"
M0,豆粕主力连续,2023-07-17,"4,050.0000","4,089.0000","4,030.0000","4,064.0000",12.0000,0.2962,"1,088,375","44,212,330,790","4,062.0000"
M0,豆粕主力连续,2023-07-18,"4,084.0000","4,111.0000","4,056.0000","4,068.0000",6.0000,0.1477,"1,234,397","50,388,539,990","4,082.0000"
M0,豆粕主力连续,2023-07-19,"4,097.0000","4,158.0000","4,088.0000","4,155.0000",73.0000,1.7883,"1,257,550","52,027,360,210","4,137.0000"
M0,豆粕主力连续,2023-07-20,"4,192.0000","4,230.0000","4,157.0000","4,188.0000",51.0000,1.2328,"1,491,514","62,541,925,790","4,193.0000"
M0,豆粕主力连续,2023-07-21,"4,181.0000","4,185.0000","4,138.0000","4,156.0000",-37.0000,-0.8824,"1,120,053","46,593,408,700","4,159.0000"
M0,豆粕主力连续,2023-07-24,"4,140.0000","4,208.0000","4,137.0000","4,164.0000",5.0000,0.1202,"1,346,118","56,253,818,140","4,178.0000"
M0,豆粕主力连续,2023-07-25,"4,190.0000","4,258.0000","4,175.0000","4,236.0000",58.0000,1.3882,"1,162,213","49,006,187,830","4,216.0000"
M0,豆粕主力连续,2023-07-26,"4,217.0000","4,273.0000","4,211.0000","4,270.0000",54.0000,1.2808,"1,017,495","43,149,076,280","4,240.0000"
M0,豆粕主力连续,2023-07-27,"4,267.0000","4,374.0000","4,261.0000","4,311.0000",71.0000,1.6745,"1,429,696","61,824,413,030","4,324.0000"
M0,豆粕主力连续,2023-07-28,"4,314.0000","4,346.0000","4,266.0000","4,274.0000",-50.0000,-1.1563,"1,278,669","55,017,301,200","4,302.0000"
M0,豆粕主力连续,2023-07-31,"4,262.0000","4,277.0000","4,195.0000","4,253.0000",-49.0000,-1.1390,"1,227,735","52,027,137,160","4,237.0000"
M0,豆粕主力连续,2023-08-01,"4,246.0000","4,314.0000","4,246.0000","4,311.0000",74.0000,1.7465,"1,199,660","51,415,979,800","4,285.0000"
M0,豆粕主力连续,2023-08-02,"4,297.0000","4,353.0000","4,284.0000","4,339.0000",54.0000,1.2602,"1,067,587","46,145,394,750","4,322.0000"
M0,豆粕主力连续,2023-08-03,"3,796.0000","3,807.0000","3,746.0000","3,770.0000",-552.0000,-12.7719,"691,271","26,060,575,970","3,769.0000"
M0,豆粕主力连续,2023-08-04,"3,777.0000","3,825.0000","3,774.0000","3,812.0000",43.0000,1.1409,"613,697","23,302,135,590","3,797.0000"
M0,豆粕主力连续,2023-08-07,"3,823.0000","3,839.0000","3,760.0000","3,770.0000",-27.0000,-0.7111,"804,246","30,473,455,100","3,789.0000"
M0,豆粕主力连续,2023-08-08,"3,759.0000","3,770.0000","3,727.0000","3,756.0000",-33.0000,-0.8709,"660,831","24,785,554,970","3,750.0000"
M0,豆粕主力连续,2023-08-09,"3,747.0000","3,850.0000","3,740.0000","3,826.0000",76.0000,2.0267,"903,080","34,376,745,470","3,806.0000"
M0,豆粕主力连续,2023-08-10,"3,824.0000","3,840.0000","3,794.0000","3,837.0000",31.0000,0.8145,"635,646","24,244,414,000","3,814.0000"
M0,豆粕主力连续,2023-08-11,"3,839.0000","3,867.0000","3,832.0000","3,859.0000",45.0000,1.1799,"912,294","35,117,468,140","3,849.0000"
M0,豆粕主力连续,2023-08-14,"3,860.0000","3,884.0000","3,800.0000","3,883.0000",34.0000,0.8833,"1,197,091","45,981,318,470","3,841.0000"
M0,豆粕主力连续,2023-08-15,"3,890.0000","3,929.0000","3,872.0000","3,914.0000",73.0000,1.9005,"1,343,261","52,476,351,750","3,906.0000"
M0,豆粕主力连续,2023-08-16,"3,898.0000","3,910.0000","3,865.0000","3,900.0000",-6.0000,-0.1536,"1,212,313","47,134,572,600","3,887.0000"
M0,豆粕主力连续,2023-08-17,"3,902.0000","3,977.0000","3,902.0000","3,962.0000",75.0000,1.9295,"1,401,852","55,246,893,790","3,940.0000"
M0,豆粕主力连续,2023-08-18,"3,950.0000","4,022.0000","3,940.0000","4,010.0000",70.0000,1.7766,"1,481,616","59,006,897,530","3,982.0000"
M0,豆粕主力连续,2023-08-21,"3,990.0000","4,125.0000","3,986.0000","4,088.0000",106.0000,2.6620,"1,742,911","70,917,385,220","4,068.0000"
M0,豆粕主力连续,2023-08-22,"4,089.0000","4,097.0000","3,972.0000","3,974.0000",-94.0000,-2.3107,"1,736,491","70,115,297,480","4,037.0000"
M0,豆粕主力连续,2023-08-23,"3,990.0000","4,024.0000","3,964.0000","3,979.0000",-58.0000,-1.4367,"1,434,258","57,288,018,370","3,994.0000"
M0,豆粕主力连续,2023-08-24,"3,980.0000","4,034.0000","3,977.0000","3,997.0000",3.0000,0.0751,"1,300,444","52,052,881,560","4,002.0000"
M0,豆粕主力连续,2023-08-25,"3,998.0000","4,092.0000","3,984.0000","4,075.0000",73.0000,1.8241,"1,407,032","56,926,180,010","4,045.0000"
M0,豆粕主力连续,2023-08-28,"4,086.0000","4,193.0000","4,064.0000","4,121.0000",76.0000,1.8789,"1,996,023","82,496,997,450","4,133.0000"
M0,豆粕主力连续,2023-08-29,"4,120.0000","4,176.0000","4,115.0000","4,144.0000",11.0000,0.2662,"1,476,214","61,241,788,710","4,148.0000"
M0,豆粕主力连续,2023-08-30,"4,140.0000","4,159.0000","4,111.0000","4,136.0000",-12.0000,-0.2893,"1,149,074","47,512,153,340","4,134.0000"
M0,豆粕主力连续,2023-08-31,"4,155.0000","4,165.0000","4,123.0000","4,137.0000",3.0000,0.0726,"1,025,790","42,511,022,930","4,144.0000"
M0,豆粕主力连续,2023-09-01,"4,137.0000","4,150.0000","4,075.0000","4,105.0000",-39.0000,-0.9411,"1,775,440","72,961,545,880","4,109.0000"
M0,豆粕主力连续,2023-09-04,"4,105.0000","4,131.0000","4,019.0000","4,032.0000",-77.0000,-1.8739,"1,749,973","71,330,364,970","4,076.0000"
M0,豆粕主力连续,2023-09-05,"4,036.0000","4,110.0000","4,033.0000","4,086.0000",10.0000,0.2453,"1,189,951","48,504,625,680","4,076.0000"
M0,豆粕主力连续,2023-09-06,"4,086.0000","4,147.0000","4,075.0000","4,135.0000",59.0000,1.4475,"1,149,962","47,361,652,980","4,118.0000"
M0,豆粕主力连续,2023-09-07,"4,150.0000","4,173.0000","4,113.0000","4,137.0000",19.0000,0.4614,"1,217,989","50,478,927,890","4,144.0000"
M0,豆粕主力连续,2023-09-08,"4,140.0000","4,140.0000","4,053.0000","4,062.0000",-82.0000,-1.9788,"1,520,533","62,190,502,190","4,090.0000"
M0,豆粕主力连续,2023-09-11,"4,080.0000","4,132.0000","4,065.0000","4,103.0000",13.0000,0.3178,"1,104,627","45,276,324,870","4,098.0000"
M0,豆粕主力连续,2023-09-12,"4,111.0000","4,120.0000","4,044.0000","4,057.0000",-41.0000,-1.0005,"1,169,856","47,787,745,050","4,084.0000"
M0,豆粕主力连续,2023-09-13,"4,059.0000","4,062.0000","3,973.0000","3,995.0000",-89.0000,-2.1792,"1,749,566","70,059,517,970","4,004.0000"
M0,豆粕主力连续,2023-09-14,"3,996.0000","4,014.0000","3,948.0000","3,979.0000",-25.0000,-0.6244,"1,263,498","50,320,321,420","3,982.0000"
M0,豆粕主力连续,2023-09-15,"3,985.0000","4,069.0000","3,980.0000","4,062.0000",80.0000,2.0090,"1,221,411","49,180,835,170","4,026.0000"
M0,豆粕主力连续,2023-09-18,"4,040.0000","4,066.0000","4,008.0000","4,029.0000",3.0000,0.0745,"1,063,260","42,915,638,740","4,036.0000"
M0,豆粕主力连续,2023-09-19,"4,027.0000","4,031.0000","3,925.0000","3,941.0000",-95.0000,-2.3538,"1,486,460","59,045,473,750","3,972.0000"
M0,豆粕主力连续,2023-09-20,"3,952.0000","3,995.0000","3,936.0000","3,988.0000",16.0000,0.4028,"1,044,402","41,457,340,320","3,969.0000"
M0,豆粕主力连续,2023-09-21,"3,994.0000","3,994.0000","3,930.0000","3,949.0000",-20.0000,-0.5039,"1,081,888","42,850,606,210","3,960.0000"
M0,豆粕主力连续,2023-09-22,"3,941.0000","3,971.0000","3,917.0000","3,962.0000",2.0000,0.0505,"1,029,599","40,582,073,580","3,941.0000"
M0,豆粕主力连续,2023-09-25,"3,961.0000","3,974.0000","3,915.0000","3,941.0000",0.0000,0.0000,"1,081,256","42,647,860,790","3,944.0000"
M0,豆粕主力连续,2023-09-26,"3,950.0000","4,011.0000","3,922.0000","3,974.0000",30.0000,0.7606,"1,190,521","47,328,398,180","3,975.0000"
M0,豆粕主力连续,2023-09-27,"3,975.0000","4,021.0000","3,939.0000","4,006.0000",31.0000,0.7799,"1,128,103","44,892,892,770","3,979.0000"
M0,豆粕主力连续,2023-09-28,"4,006.0000","4,026.0000","3,974.0000","3,996.0000",17.0000,0.4272,"884,561","35,383,732,780","4,000.0000"
M0,豆粕主力连续,2023-10-09,"3,930.0000","3,930.0000","3,861.0000","3,867.0000",-133.0000,-3.3250,"952,062","37,037,070,830","3,890.0000"
M0,豆粕主力连续,2023-10-10,"3,869.0000","3,870.0000","3,792.0000","3,795.0000",-95.0000,-2.4422,"1,120,934","42,947,062,120","3,831.0000"
M0,豆粕主力连续,2023-10-11,"3,805.0000","3,838.0000","3,762.0000","3,787.0000",-44.0000,-1.1485,"1,188,644","45,180,180,450","3,800.0000"
M0,豆粕主力连续,2023-10-12,"3,776.0000","3,819.0000","3,773.0000","3,815.0000",15.0000,0.3947,"1,039,472","39,526,735,400","3,802.0000"
M0,豆粕主力连续,2023-10-13,"3,818.0000","3,892.0000","3,803.0000","3,873.0000",71.0000,1.8674,"1,134,346","43,747,130,040","3,856.0000"
M0,豆粕主力连续,2023-10-16,"3,895.0000","3,901.0000","3,842.0000","3,885.0000",29.0000,0.7521,"954,355","36,951,967,400","3,871.0000"
M0,豆粕主力连续,2023-10-17,"3,875.0000","3,908.0000","3,870.0000","3,884.0000",13.0000,0.3358,"799,150","31,072,208,410","3,888.0000"
M0,豆粕主力连续,2023-10-18,"3,900.0000","3,956.0000","3,892.0000","3,893.0000",5.0000,0.1286,"1,149,446","45,036,512,780","3,918.0000"
M0,豆粕主力连续,2023-10-19,"3,900.0000","3,925.0000","3,863.0000","3,911.0000",-7.0000,-0.1787,"974,389","37,968,524,920","3,896.0000"
M0,豆粕主力连续,2023-10-20,"3,915.0000","3,946.0000","3,891.0000","3,913.0000",17.0000,0.4363,"1,045,966","40,993,013,230","3,919.0000"
M0,豆粕主力连续,2023-10-23,"3,909.0000","3,952.0000","3,874.0000","3,886.0000",-33.0000,-0.8421,"1,225,522","47,834,314,360","3,903.0000"
M0,豆粕主力连续,2023-10-24,"3,875.0000","3,883.0000","3,834.0000","3,859.0000",-44.0000,-1.1273,"1,204,862","46,456,084,510","3,855.0000"
M0,豆粕主力连续,2023-10-25,"3,860.0000","3,943.0000","3,849.0000","3,895.0000",40.0000,1.0376,"1,214,490","47,344,674,900","3,898.0000"
M0,豆粕主力连续,2023-10-26,"3,888.0000","3,916.0000","3,863.0000","3,908.0000",10.0000,0.2565,"974,957","37,929,800,120","3,890.0000"
M0,豆粕主力连续,2023-10-27,"3,910.0000","3,938.0000","3,905.0000","3,929.0000",39.0000,1.0026,"995,740","39,071,657,050","3,923.0000"
M0,豆粕主力连续,2023-10-30,"3,940.0000","4,016.0000","3,940.0000","3,992.0000",69.0000,1.7589,"1,306,823","52,015,327,480","3,980.0000"
M0,豆粕主力连续,2023-10-31,"3,977.0000","3,977.0000","3,912.0000","3,916.0000",-64.0000,-1.6080,"1,146,756","45,185,790,720","3,940.0000"
M0,豆粕主力连续,2023-11-01,"3,935.0000","3,963.0000","3,922.0000","3,957.0000",17.0000,0.4315,"1,025,930","40,435,181,320","3,941.0000"
M0,豆粕主力连续,2023-11-02,"3,965.0000","4,002.0000","3,956.0000","3,997.0000",56.0000,1.4210,"971,156","38,686,386,880","3,983.0000"
M0,豆粕主力连续,2023-11-03,"3,998.0000","4,050.0000","3,986.0000","4,039.0000",56.0000,1.4060,"980,092","39,366,648,940","4,016.0000"
M0,豆粕主力连续,2023-11-06,"4,051.0000","4,124.0000","4,035.0000","4,118.0000",102.0000,2.5398,"1,193,756","48,738,346,300","4,082.0000"
M0,豆粕主力连续,2023-11-07,"4,120.0000","4,142.0000","4,100.0000","4,100.0000",18.0000,0.4410,"1,089,983","44,914,032,210","4,120.0000"
M0,豆粕主力连续,2023-11-08,"4,106.0000","4,159.0000","4,104.0000","4,129.0000",9.0000,0.2184,"1,128,557","46,638,252,560","4,132.0000"
M0,豆粕主力连续,2023-11-09,"4,149.0000","4,162.0000","4,101.0000","4,119.0000",-13.0000,-0.3146,"1,031,330","42,596,430,770","4,130.0000"
M0,豆粕主力连续,2023-11-10,"4,115.0000","4,126.0000","4,027.0000","4,028.0000",-102.0000,-2.4697,"1,355,205","55,160,393,060","4,070.0000"
M0,豆粕主力连续,2023-11-13,"4,028.0000","4,072.0000","4,024.0000","4,058.0000",-12.0000,-0.2948,"856,246","34,670,727,820","4,049.0000"
M0,豆粕主力连续,2023-11-14,"4,054.0000","4,145.0000","4,045.0000","4,094.0000",45.0000,1.1114,"1,016,708","41,663,934,600","4,097.0000"
M0,豆粕主力连续,2023-11-15,"4,094.0000","4,145.0000","4,086.0000","4,138.0000",41.0000,1.0007,"894,691","36,850,804,010","4,118.0000"
M0,豆粕主力连续,2023-11-16,"4,146.0000","4,149.0000","4,095.0000","4,126.0000",8.0000,0.1943,"808,972","33,314,587,510","4,118.0000"
M0,豆粕主力连续,2023-11-17,"4,097.0000","4,105.0000","4,028.0000","4,036.0000",-82.0000,-1.9913,"1,075,939","43,664,852,650","4,058.0000"
M0,豆粕主力连续,2023-11-20,"4,036.0000","4,036.0000","3,952.0000","3,987.0000",-71.0000,-1.7496,"1,388,508","55,363,186,580","3,987.0000"
M0,豆粕主力连续,2023-11-21,"3,987.0000","4,034.0000","3,981.0000","4,029.0000",42.0000,1.0534,"981,579","39,359,833,550","4,009.0000"
M0,豆粕主力连续,2023-11-22,"4,030.0000","4,066.0000","3,986.0000","3,997.0000",-12.0000,-0.2993,"829,012","33,379,683,140","4,026.0000"
M0,豆粕主力连续,2023-11-23,"3,993.0000","4,003.0000","3,945.0000","3,956.0000",-70.0000,-1.7387,"858,594","34,090,094,600","3,970.0000"
M0,豆粕主力连续,2023-11-24,"3,951.0000","3,984.0000","3,948.0000","3,969.0000",-1.0000,-0.0252,"513,331","20,359,348,760","3,966.0000"
M0,豆粕主力连续,2023-11-27,"3,978.0000","3,991.0000","3,886.0000","3,902.0000",-64.0000,-1.6137,"885,472","34,786,234,120","3,928.0000"
M0,豆粕主力连续,2023-11-28,"3,913.0000","3,920.0000","3,865.0000","3,899.0000",-29.0000,-0.7383,"765,252","29,740,250,410","3,886.0000"
M0,豆粕主力连续,2023-11-29,"3,907.0000","3,923.0000","3,871.0000","3,884.0000",-2.0000,-0.0515,"647,318","25,231,501,170","3,897.0000"
M0,豆粕主力连续,2023-11-30,"3,897.0000","3,910.0000","3,860.0000","3,885.0000",-12.0000,-0.3079,"821,478","31,912,045,930","3,884.0000"
M0,豆粕主力连续,2023-12-01,"3,878.0000","3,894.0000","3,821.0000","3,860.0000",-24.0000,-0.6179,"898,692","34,711,172,070","3,862.0000"
M0,豆粕主力连续,2023-12-04,"3,375.0000","3,407.0000","3,361.0000","3,366.0000",-496.0000,-12.8431,"522,291","17,675,505,630","3,384.0000"
M0,豆粕主力连续,2023-12-05,"3,372.0000","3,398.0000","3,355.0000","3,368.0000",-16.0000,-0.4728,"595,407","20,073,399,740","3,371.0000"
M0,豆粕主力连续,2023-12-06,"3,365.0000","3,398.0000","3,351.0000","3,395.0000",24.0000,0.7120,"564,222","19,022,986,590","3,371.0000"
M0,豆粕主力连续,2023-12-07,"3,401.0000","3,411.0000","3,347.0000","3,389.0000",18.0000,0.5340,"628,899","21,285,836,270","3,384.0000"
M0,豆粕主力连续,2023-12-08,"3,398.0000","3,425.0000","3,384.0000","3,418.0000",34.0000,1.0047,"641,516","21,860,022,070","3,407.0000"
M0,豆粕主力连续,2023-12-11,"3,428.0000","3,470.0000","3,413.0000","3,418.0000",11.0000,0.3229,"813,706","27,933,977,420","3,432.0000"
M0,豆粕主力连续,2023-12-12,"3,423.0000","3,483.0000","3,410.0000","3,479.0000",47.0000,1.3695,"884,968","30,570,133,590","3,454.0000"
M0,豆粕主力连续,2023-12-13,"3,472.0000","3,480.0000","3,439.0000","3,463.0000",9.0000,0.2606,"766,283","26,499,911,900","3,458.0000"
M0,豆粕主力连续,2023-12-14,"3,455.0000","3,459.0000","3,404.0000","3,409.0000",-49.0000,-1.4170,"876,100","30,050,526,260","3,430.0000"
M0,豆粕主力连续,2023-12-15,"3,410.0000","3,446.0000","3,401.0000","3,404.0000",-26.0000,-0.7580,"742,331","25,418,393,730","3,424.0000"
M0,豆粕主力连续,2023-12-18,"3,414.0000","3,418.0000","3,361.0000","3,376.0000",-48.0000,-1.4019,"795,667","26,948,571,950","3,386.0000"
M0,豆粕主力连续,2023-12-19,"3,379.0000","3,417.0000","3,372.0000","3,380.0000",-6.0000,-0.1772,"725,813","24,628,209,760","3,393.0000"
M0,豆粕主力连续,2023-12-20,"3,370.0000","3,382.0000","3,343.0000","3,355.0000",-38.0000,-1.1200,"851,729","28,638,015,140","3,362.0000"
M0,豆粕主力连续,2023-12-21,"3,355.0000","3,365.0000","3,328.0000","3,355.0000",-7.0000,-0.2082,"1,024,227","34,260,744,560","3,345.0000"
M0,豆粕主力连续,2023-12-22,"3,357.0000","3,367.0000","3,311.0000","3,322.0000",-23.0000,-0.6876,"980,929","32,692,843,160","3,332.0000"
M0,豆粕主力连续,2023-12-25,"3,328.0000","3,358.0000","3,314.0000","3,344.0000",12.0000,0.3601,"871,637","29,078,538,010","3,336.0000"
M0,豆粕主力连续,2023-12-26,"3,342.0000","3,370.0000","3,334.0000","3,338.0000",2.0000,0.0600,"699,543","23,442,025,410","3,351.0000"
M0,豆粕主力连续,2023-12-27,"3,330.0000","3,367.0000","3,326.0000","3,364.0000",13.0000,0.3879,"996,284","33,377,688,780","3,350.0000"
M0,豆粕主力连续,2023-12-28,"3,357.0000","3,384.0000","3,342.0000","3,360.0000",10.0000,0.2985,"822,623","27,650,133,170","3,361.0000"
M0,豆粕主力连续,2023-12-29,"3,361.0000","3,378.0000","3,313.0000","3,313.0000",-48.0000,-1.4281,"1,026,696","34,326,535,230","3,343.0000"
,,,,,,,,,,,
,,,,,,,,,,,
,,,,,,,,,,,
,,,,,,,,,,,
,,,,,,,,,,,
,,,,,,,,,,,
数据来源：东方财富Choice数据,,,,,,,,,,,